{
  "ref": {
    "n_steps": 7485,
    "first_step": 1,
    "last_step": 7485,
    "first_loss": 11.942983627319336,
    "last_loss": 2.859609365463257,
    "min_loss": 2.6153886318206787,
    "max_loss": 11.94428825378418
  },
  "nano_present": true,
  "note_on_nano_series": "nano log at /home/claudeuser/nanogpt/reports/nanogpt_train_log.json has 501 steps but ref has 7485; treating as a stub. The authoritative 7485-iter retrain (Δ=+0.0047 nat last-100-mean) lives on the remote GPU box at /root/nanogpt/out-cybertron-moe-196-from0-fresh/train_log.jsonl. See ALIGNMENT.md v10 FINAL.",
  "nano": {
    "n_steps": 501,
    "first_loss": 11.917884826660156,
    "last_loss": 6.318890571594238,
    "is_stub": true,
    "source": "/home/claudeuser/nanogpt/reports/nanogpt_train_log.json"
  },
  "compare": {
    "overlap": 500,
    "max_abs_diff": 3.9185428619384766,
    "mean_abs_diff": 0.8455136470794677,
    "p99_abs_diff": 2.4058875465393057,
    "first_diverge_step_1e-4": 1,
    "ref_first_3": [
      [
        1,
        11.942983627319336
      ],
      [
        2,
        11.942344665527344
      ],
      [
        3,
        11.94428825378418
      ]
    ],
    "nano_first_3": [
      [
        0,
        11.917884826660156
      ],
      [
        1,
        11.939285278320312
      ],
      [
        2,
        11.942008972167969
      ]
    ]
  }
}