{
  "note_on_nano_series": "The nano series below is a 500-iter stub produced before the v10 kernel-alignment fixes (notably a97ce75 fused_apply_rotary_pos_emb). It is NOT the final alignment data. The authoritative end-to-end retrain is 7485 iters, stored on the remote GPU box at /root/nanogpt/out-cybertron-moe-196-from0-fresh/train_log.jsonl. Last-100-iter mean there: nano=2.853937, ref=2.849259, Δ=+0.0047 nat. See ALIGNMENT.md v10 FINAL section and memory/nanogpt_alignment_done.md.",
  "ref": {
    "n_steps": 7485,
    "first_step": 1,
    "last_step": 7485,
    "first_loss": 11.942983627319336,
    "last_loss": 2.859609365463257,
    "min_loss": 2.6153886318206787,
    "max_loss": 11.94428825378418
  },
  "nano_present": true,
  "nano": {
    "n_steps": 501,
    "first_loss": 11.917884826660156,
    "last_loss": 6.318890571594238,
    "source": "reports/nanogpt_train_log.jsonl (500-iter stub, pre-v10 fixes)"
  },
  "compare": {
    "overlap": 500,
    "max_abs_diff": 3.9185428619384766,
    "mean_abs_diff": 0.8455136470794677,
    "p99_abs_diff": 2.4058875465393057,
    "first_diverge_step_1e-4": 1,
    "ref_first_3": [
      [
        1,
        11.942983627319336
      ],
      [
        2,
        11.942344665527344
      ],
      [
        3,
        11.94428825378418
      ]
    ],
    "nano_first_3": [
      [
        0,
        11.917884826660156
      ],
      [
        1,
        11.939285278320312
      ],
      [
        2,
        11.942008972167969
      ]
    ]
  }
}