{
  "loss": 2.796875,
  "logits_first10": [
    -0.384765625,
    5.65625,
    0.3203125,
    0.115234375,
    4.6875,
    1.328125,
    0.953125,
    0.3828125,
    -2.734375,
    4.21875
  ],
  "stats": {
    "attn_output/l0": {
      "mean": 0.0002159933210350573,
      "std": 0.009288053959608078,
      "max": 0.1552734375,
      "min": -0.16015625,
      "abs_max": 0.16015625
    },
    "mlp_output/l0": {
      "mean": 0.016749117523431778,
      "std": 0.5816550254821777,
      "max": 6.0625,
      "min": -5.40625,
      "abs_max": 6.0625
    },
    "attn_output/l1": {
      "mean": 0.003949273843318224,
      "std": 0.3066842555999756,
      "max": 1.8671875,
      "min": -2.515625,
      "abs_max": 2.515625
    },
    "mlp_output/l1": {
      "mean": 0.004343176260590553,
      "std": 0.29936501383781433,
      "max": 8.375,
      "min": -5.21875,
      "abs_max": 8.375
    },
    "attn_output/l2": {
      "mean": -0.0006698417710140347,
      "std": 0.3939373195171356,
      "max": 2.703125,
      "min": -3.40625,
      "abs_max": 3.40625
    },
    "mlp_output/l2": {
      "mean": -0.005081887356936932,
      "std": 0.1751110553741455,
      "max": 2.984375,
      "min": -2.3125,
      "abs_max": 2.984375
    },
    "attn_output/l3": {
      "mean": -0.0005015553324483335,
      "std": 0.6526432037353516,
      "max": 5.34375,
      "min": -5.03125,
      "abs_max": 5.34375
    },
    "mlp_output/l3": {
      "mean": -0.00036777605419047177,
      "std": 0.3835524916648865,
      "max": 5.3125,
      "min": -4.6875,
      "abs_max": 5.3125
    },
    "attn_output/l4": {
      "mean": -0.003540338948369026,
      "std": 0.37159231305122375,
      "max": 3.15625,
      "min": -2.59375,
      "abs_max": 3.15625
    },
    "mlp_output/l4": {
      "mean": 0.0001919353671837598,
      "std": 0.35782337188720703,
      "max": 6.8125,
      "min": -7.0,
      "abs_max": 7.0
    },
    "attn_output/l5": {
      "mean": -0.0026188893243670464,
      "std": 0.44825872778892517,
      "max": 3.859375,
      "min": -3.5,
      "abs_max": 3.859375
    },
    "mlp_output/l5": {
      "mean": -0.0032387501560151577,
      "std": 0.42677685618400574,
      "max": 6.3125,
      "min": -6.78125,
      "abs_max": 6.78125
    },
    "attn_output/l6": {
      "mean": 0.005614856258034706,
      "std": 0.3684694468975067,
      "max": 3.0625,
      "min": -2.5625,
      "abs_max": 3.0625
    },
    "mlp_output/l6": {
      "mean": -0.00035268746432848275,
      "std": 0.4211397171020508,
      "max": 12.0625,
      "min": -13.25,
      "abs_max": 13.25
    },
    "attn_output/l7": {
      "mean": 0.008954118005931377,
      "std": 0.44202759861946106,
      "max": 3.953125,
      "min": -4.875,
      "abs_max": 4.875
    },
    "mlp_output/l7": {
      "mean": 0.003997841849923134,
      "std": 0.6789513826370239,
      "max": 23.75,
      "min": -25.0,
      "abs_max": 25.0
    },
    "attn_output/l8": {
      "mean": 0.00530620850622654,
      "std": 0.20408369600772858,
      "max": 2.53125,
      "min": -2.0625,
      "abs_max": 2.53125
    },
    "mlp_output/l8": {
      "mean": 0.008016318082809448,
      "std": 0.3903203010559082,
      "max": 10.875,
      "min": -19.75,
      "abs_max": 19.75
    }
  }
}